cid,city,prov,DeltaPolicy_std,DeltaA_std,DeltaT_std,DeltaN_std,DeltaO_std,Note
110000,北京市,北京市,,,,,,"fill standardized post‑2019 change (e.g., 2020–2022 vs 2016–2018)"
120000,天津市,天津市,,,,,,"fill standardized post‑2019 change (e.g., 2020–2022 vs 2016–2018)"
130100,石家庄市,河北省,,,,,,"fill standardized post‑2019 change (e.g., 2020–2022 vs 2016–2018)"
130200,唐山市,河北省,,,,,,"fill standardized post‑2019 change (e.g., 2020–2022 vs 2016–2018)"
130300,秦皇岛市,河北省,,,,,,"fill standardized post‑2019 change (e.g., 2020–2022 vs 2016–2018)"
130400,邯郸市,河北省,,,,,,"fill standardized post‑2019 change (e.g., 2020–2022 vs 2016–2018)"
130500,邢台市,河北省,,,,,,"fill standardized post‑2019 change (e.g., 2020–2022 vs 2016–2018)"
130600,保定市,河北省,,,,,,"fill standardized post‑2019 change (e.g., 2020–2022 vs 2016–2018)"
130700,张家口市,河北省,,,,,,"fill standardized post‑2019 change (e.g., 2020–2022 vs 2016–2018)"
130800,承德市,河北省,,,,,,"fill standardized post‑2019 change (e.g., 2020–2022 vs 2016–2018)"
130900,沧州市,河北省,,,,,,"fill standardized post‑2019 change (e.g., 2020–2022 vs 2016–2018)"
131000,廊坊市,河北省,,,,,,"fill standardized post‑2019 change (e.g., 2020–2022 vs 2016–2018)"
131100,衡水市,河北省,,,,,,"fill standardized post‑2019 change (e.g., 2020–2022 vs 2016–2018)"
140100,太原市,山西省,,,,,,"fill standardized post‑2019 change (e.g., 2020–2022 vs 2016–2018)"
140200,大同市,山西省,,,,,,"fill standardized post‑2019 change (e.g., 2020–2022 vs 2016–2018)"
140300,阳泉市,山西省,,,,,,"fill standardized post‑2019 change (e.g., 2020–2022 vs 2016–2018)"
140400,长治市,山西省,,,,,,"fill standardized post‑2019 change (e.g., 2020–2022 vs 2016–2018)"
140500,晋城市,山西省,,,,,,"fill standardized post‑2019 change (e.g., 2020–2022 vs 2016–2018)"
140600,朔州市,山西省,,,,,,"fill standardized post‑2019 change (e.g., 2020–2022 vs 2016–2018)"
140700,晋中市,山西省,,,,,,"fill standardized post‑2019 change (e.g., 2020–2022 vs 2016–2018)"
140800,运城市,山西省,,,,,,"fill standardized post‑2019 change (e.g., 2020–2022 vs 2016–2018)"
140900,忻州市,山西省,,,,,,"fill standardized post‑2019 change (e.g., 2020–2022 vs 2016–2018)"
141000,临汾市,山西省,,,,,,"fill standardized post‑2019 change (e.g., 2020–2022 vs 2016–2018)"
141100,吕梁市,山西省,,,,,,"fill standardized post‑2019 change (e.g., 2020–2022 vs 2016–2018)"
150100,呼和浩特市,内蒙古自治区,,,,,,"fill standardized post‑2019 change (e.g., 2020–2022 vs 2016–2018)"
150200,包头市,内蒙古自治区,,,,,,"fill standardized post‑2019 change (e.g., 2020–2022 vs 2016–2018)"
150300,乌海市,内蒙古自治区,,,,,,"fill standardized post‑2019 change (e.g., 2020–2022 vs 2016–2018)"
150400,赤峰市,内蒙古自治区,,,,,,"fill standardized post‑2019 change (e.g., 2020–2022 vs 2016–2018)"
150500,通辽市,内蒙古自治区,,,,,,"fill standardized post‑2019 change (e.g., 2020–2022 vs 2016–2018)"
150600,鄂尔多斯市,内蒙古自治区,,,,,,"fill standardized post‑2019 change (e.g., 2020–2022 vs 2016–2018)"
150700,呼伦贝尔市,内蒙古自治区,,,,,,"fill standardized post‑2019 change (e.g., 2020–2022 vs 2016–2018)"
150800,巴彦淖尔市,内蒙古自治区,,,,,,"fill standardized post‑2019 change (e.g., 2020–2022 vs 2016–2018)"
150900,乌兰察布市,内蒙古自治区,,,,,,"fill standardized post‑2019 change (e.g., 2020–2022 vs 2016–2018)"
210100,沈阳市,辽宁省,,,,,,"fill standardized post‑2019 change (e.g., 2020–2022 vs 2016–2018)"
210200,大连市,辽宁省,,,,,,"fill standardized post‑2019 change (e.g., 2020–2022 vs 2016–2018)"
210300,鞍山市,辽宁省,,,,,,"fill standardized post‑2019 change (e.g., 2020–2022 vs 2016–2018)"
210400,抚顺市,辽宁省,,,,,,"fill standardized post‑2019 change (e.g., 2020–2022 vs 2016–2018)"
210500,本溪市,辽宁省,,,,,,"fill standardized post‑2019 change (e.g., 2020–2022 vs 2016–2018)"
210600,丹东市,辽宁省,,,,,,"fill standardized post‑2019 change (e.g., 2020–2022 vs 2016–2018)"
210700,锦州市,辽宁省,,,,,,"fill standardized post‑2019 change (e.g., 2020–2022 vs 2016–2018)"
210800,营口市,辽宁省,,,,,,"fill standardized post‑2019 change (e.g., 2020–2022 vs 2016–2018)"
210900,阜新市,辽宁省,,,,,,"fill standardized post‑2019 change (e.g., 2020–2022 vs 2016–2018)"
211000,辽阳市,辽宁省,,,,,,"fill standardized post‑2019 change (e.g., 2020–2022 vs 2016–2018)"
211100,盘锦市,辽宁省,,,,,,"fill standardized post‑2019 change (e.g., 2020–2022 vs 2016–2018)"
211200,铁岭市,辽宁省,,,,,,"fill standardized post‑2019 change (e.g., 2020–2022 vs 2016–2018)"
211300,朝阳市,辽宁省,,,,,,"fill standardized post‑2019 change (e.g., 2020–2022 vs 2016–2018)"
211400,葫芦岛市,辽宁省,,,,,,"fill standardized post‑2019 change (e.g., 2020–2022 vs 2016–2018)"
220100,长春市,吉林省,,,,,,"fill standardized post‑2019 change (e.g., 2020–2022 vs 2016–2018)"
220200,吉林市,吉林省,,,,,,"fill standardized post‑2019 change (e.g., 2020–2022 vs 2016–2018)"
220300,四平市,吉林省,,,,,,"fill standardized post‑2019 change (e.g., 2020–2022 vs 2016–2018)"
220400,辽源市,吉林省,,,,,,"fill standardized post‑2019 change (e.g., 2020–2022 vs 2016–2018)"
220500,通化市,吉林省,,,,,,"fill standardized post‑2019 change (e.g., 2020–2022 vs 2016–2018)"
220600,白山市,吉林省,,,,,,"fill standardized post‑2019 change (e.g., 2020–2022 vs 2016–2018)"
220700,松原市,吉林省,,,,,,"fill standardized post‑2019 change (e.g., 2020–2022 vs 2016–2018)"
220800,白城市,吉林省,,,,,,"fill standardized post‑2019 change (e.g., 2020–2022 vs 2016–2018)"
230100,哈尔滨市,黑龙江省,,,,,,"fill standardized post‑2019 change (e.g., 2020–2022 vs 2016–2018)"
230200,齐齐哈尔市,黑龙江省,,,,,,"fill standardized post‑2019 change (e.g., 2020–2022 vs 2016–2018)"
230300,鸡西市,黑龙江省,,,,,,"fill standardized post‑2019 change (e.g., 2020–2022 vs 2016–2018)"
230400,鹤岗市,黑龙江省,,,,,,"fill standardized post‑2019 change (e.g., 2020–2022 vs 2016–2018)"
230500,双鸭山市,黑龙江省,,,,,,"fill standardized post‑2019 change (e.g., 2020–2022 vs 2016–2018)"
230600,大庆市,黑龙江省,,,,,,"fill standardized post‑2019 change (e.g., 2020–2022 vs 2016–2018)"
230700,伊春市,黑龙江省,,,,,,"fill standardized post‑2019 change (e.g., 2020–2022 vs 2016–2018)"
230800,佳木斯市,黑龙江省,,,,,,"fill standardized post‑2019 change (e.g., 2020–2022 vs 2016–2018)"
230900,七台河市,黑龙江省,,,,,,"fill standardized post‑2019 change (e.g., 2020–2022 vs 2016–2018)"
231000,牡丹江市,黑龙江省,,,,,,"fill standardized post‑2019 change (e.g., 2020–2022 vs 2016–2018)"
231100,黑河市,黑龙江省,,,,,,"fill standardized post‑2019 change (e.g., 2020–2022 vs 2016–2018)"
231200,绥化市,黑龙江省,,,,,,"fill standardized post‑2019 change (e.g., 2020–2022 vs 2016–2018)"
310000,上海市,上海市,,,,,,"fill standardized post‑2019 change (e.g., 2020–2022 vs 2016–2018)"
320100,南京市,江苏省,,,,,,"fill standardized post‑2019 change (e.g., 2020–2022 vs 2016–2018)"
320200,无锡市,江苏省,,,,,,"fill standardized post‑2019 change (e.g., 2020–2022 vs 2016–2018)"
320300,徐州市,江苏省,,,,,,"fill standardized post‑2019 change (e.g., 2020–2022 vs 2016–2018)"
320400,常州市,江苏省,,,,,,"fill standardized post‑2019 change (e.g., 2020–2022 vs 2016–2018)"
320500,苏州市,江苏省,,,,,,"fill standardized post‑2019 change (e.g., 2020–2022 vs 2016–2018)"
320600,南通市,江苏省,,,,,,"fill standardized post‑2019 change (e.g., 2020–2022 vs 2016–2018)"
320700,连云港市,江苏省,,,,,,"fill standardized post‑2019 change (e.g., 2020–2022 vs 2016–2018)"
320800,淮安市,江苏省,,,,,,"fill standardized post‑2019 change (e.g., 2020–2022 vs 2016–2018)"
320900,盐城市,江苏省,,,,,,"fill standardized post‑2019 change (e.g., 2020–2022 vs 2016–2018)"
321000,扬州市,江苏省,,,,,,"fill standardized post‑2019 change (e.g., 2020–2022 vs 2016–2018)"
321100,镇江市,江苏省,,,,,,"fill standardized post‑2019 change (e.g., 2020–2022 vs 2016–2018)"
321200,泰州市,江苏省,,,,,,"fill standardized post‑2019 change (e.g., 2020–2022 vs 2016–2018)"
321300,宿迁市,江苏省,,,,,,"fill standardized post‑2019 change (e.g., 2020–2022 vs 2016–2018)"
330100,杭州市,浙江省,,,,,,"fill standardized post‑2019 change (e.g., 2020–2022 vs 2016–2018)"
330200,宁波市,浙江省,,,,,,"fill standardized post‑2019 change (e.g., 2020–2022 vs 2016–2018)"
330300,温州市,浙江省,,,,,,"fill standardized post‑2019 change (e.g., 2020–2022 vs 2016–2018)"
330400,嘉兴市,浙江省,,,,,,"fill standardized post‑2019 change (e.g., 2020–2022 vs 2016–2018)"
330500,湖州市,浙江省,,,,,,"fill standardized post‑2019 change (e.g., 2020–2022 vs 2016–2018)"
330600,绍兴市,浙江省,,,,,,"fill standardized post‑2019 change (e.g., 2020–2022 vs 2016–2018)"
330700,金华市,浙江省,,,,,,"fill standardized post‑2019 change (e.g., 2020–2022 vs 2016–2018)"
330800,衢州市,浙江省,,,,,,"fill standardized post‑2019 change (e.g., 2020–2022 vs 2016–2018)"
330900,舟山市,浙江省,,,,,,"fill standardized post‑2019 change (e.g., 2020–2022 vs 2016–2018)"
331000,台州市,浙江省,,,,,,"fill standardized post‑2019 change (e.g., 2020–2022 vs 2016–2018)"
331100,丽水市,浙江省,,,,,,"fill standardized post‑2019 change (e.g., 2020–2022 vs 2016–2018)"
340100,合肥市,安徽省,,,,,,"fill standardized post‑2019 change (e.g., 2020–2022 vs 2016–2018)"
340200,芜湖市,安徽省,,,,,,"fill standardized post‑2019 change (e.g., 2020–2022 vs 2016–2018)"
340300,蚌埠市,安徽省,,,,,,"fill standardized post‑2019 change (e.g., 2020–2022 vs 2016–2018)"
340400,淮南市,安徽省,,,,,,"fill standardized post‑2019 change (e.g., 2020–2022 vs 2016–2018)"
340500,马鞍山市,安徽省,,,,,,"fill standardized post‑2019 change (e.g., 2020–2022 vs 2016–2018)"
340600,淮北市,安徽省,,,,,,"fill standardized post‑2019 change (e.g., 2020–2022 vs 2016–2018)"
340700,铜陵市,安徽省,,,,,,"fill standardized post‑2019 change (e.g., 2020–2022 vs 2016–2018)"
340800,安庆市,安徽省,,,,,,"fill standardized post‑2019 change (e.g., 2020–2022 vs 2016–2018)"
341000,黄山市,安徽省,,,,,,"fill standardized post‑2019 change (e.g., 2020–2022 vs 2016–2018)"
341100,滁州市,安徽省,,,,,,"fill standardized post‑2019 change (e.g., 2020–2022 vs 2016–2018)"
341200,阜阳市,安徽省,,,,,,"fill standardized post‑2019 change (e.g., 2020–2022 vs 2016–2018)"
341300,宿州市,安徽省,,,,,,"fill standardized post‑2019 change (e.g., 2020–2022 vs 2016–2018)"
341400,巢湖市,安徽省,,,,,,"fill standardized post‑2019 change (e.g., 2020–2022 vs 2016–2018)"
341500,六安市,安徽省,,,,,,"fill standardized post‑2019 change (e.g., 2020–2022 vs 2016–2018)"
341600,亳州市,安徽省,,,,,,"fill standardized post‑2019 change (e.g., 2020–2022 vs 2016–2018)"
341700,池州市,安徽省,,,,,,"fill standardized post‑2019 change (e.g., 2020–2022 vs 2016–2018)"
341800,宣城市,安徽省,,,,,,"fill standardized post‑2019 change (e.g., 2020–2022 vs 2016–2018)"
350100,福州市,福建省,,,,,,"fill standardized post‑2019 change (e.g., 2020–2022 vs 2016–2018)"
350200,厦门市,福建省,,,,,,"fill standardized post‑2019 change (e.g., 2020–2022 vs 2016–2018)"
350300,莆田市,福建省,,,,,,"fill standardized post‑2019 change (e.g., 2020–2022 vs 2016–2018)"
350400,三明市,福建省,,,,,,"fill standardized post‑2019 change (e.g., 2020–2022 vs 2016–2018)"
350500,泉州市,福建省,,,,,,"fill standardized post‑2019 change (e.g., 2020–2022 vs 2016–2018)"
350600,漳州市,福建省,,,,,,"fill standardized post‑2019 change (e.g., 2020–2022 vs 2016–2018)"
350700,南平市,福建省,,,,,,"fill standardized post‑2019 change (e.g., 2020–2022 vs 2016–2018)"
350800,龙岩市,福建省,,,,,,"fill standardized post‑2019 change (e.g., 2020–2022 vs 2016–2018)"
350900,宁德市,福建省,,,,,,"fill standardized post‑2019 change (e.g., 2020–2022 vs 2016–2018)"
360100,南昌市,江西省,,,,,,"fill standardized post‑2019 change (e.g., 2020–2022 vs 2016–2018)"
360200,景德镇市,江西省,,,,,,"fill standardized post‑2019 change (e.g., 2020–2022 vs 2016–2018)"
360300,萍乡市,江西省,,,,,,"fill standardized post‑2019 change (e.g., 2020–2022 vs 2016–2018)"
360400,九江市,江西省,,,,,,"fill standardized post‑2019 change (e.g., 2020–2022 vs 2016–2018)"
360500,新余市,江西省,,,,,,"fill standardized post‑2019 change (e.g., 2020–2022 vs 2016–2018)"
360600,鹰潭市,江西省,,,,,,"fill standardized post‑2019 change (e.g., 2020–2022 vs 2016–2018)"
360700,赣州市,江西省,,,,,,"fill standardized post‑2019 change (e.g., 2020–2022 vs 2016–2018)"
360800,吉安市,江西省,,,,,,"fill standardized post‑2019 change (e.g., 2020–2022 vs 2016–2018)"
360900,宜春市,江西省,,,,,,"fill standardized post‑2019 change (e.g., 2020–2022 vs 2016–2018)"
361000,抚州市,江西省,,,,,,"fill standardized post‑2019 change (e.g., 2020–2022 vs 2016–2018)"
361100,上饶市,江西省,,,,,,"fill standardized post‑2019 change (e.g., 2020–2022 vs 2016–2018)"
370100,济南市,山东省,,,,,,"fill standardized post‑2019 change (e.g., 2020–2022 vs 2016–2018)"
370200,青岛市,山东省,,,,,,"fill standardized post‑2019 change (e.g., 2020–2022 vs 2016–2018)"
370300,淄博市,山东省,,,,,,"fill standardized post‑2019 change (e.g., 2020–2022 vs 2016–2018)"
370400,枣庄市,山东省,,,,,,"fill standardized post‑2019 change (e.g., 2020–2022 vs 2016–2018)"
370500,东营市,山东省,,,,,,"fill standardized post‑2019 change (e.g., 2020–2022 vs 2016–2018)"
370600,烟台市,山东省,,,,,,"fill standardized post‑2019 change (e.g., 2020–2022 vs 2016–2018)"
370700,潍坊市,山东省,,,,,,"fill standardized post‑2019 change (e.g., 2020–2022 vs 2016–2018)"
370800,济宁市,山东省,,,,,,"fill standardized post‑2019 change (e.g., 2020–2022 vs 2016–2018)"
370900,泰安市,山东省,,,,,,"fill standardized post‑2019 change (e.g., 2020–2022 vs 2016–2018)"
371000,威海市,山东省,,,,,,"fill standardized post‑2019 change (e.g., 2020–2022 vs 2016–2018)"
371100,日照市,山东省,,,,,,"fill standardized post‑2019 change (e.g., 2020–2022 vs 2016–2018)"
371200,莱芜市,山东省,,,,,,"fill standardized post‑2019 change (e.g., 2020–2022 vs 2016–2018)"
371300,临沂市,山东省,,,,,,"fill standardized post‑2019 change (e.g., 2020–2022 vs 2016–2018)"
371400,德州市,山东省,,,,,,"fill standardized post‑2019 change (e.g., 2020–2022 vs 2016–2018)"
371500,聊城市,山东省,,,,,,"fill standardized post‑2019 change (e.g., 2020–2022 vs 2016–2018)"
371600,滨州市,山东省,,,,,,"fill standardized post‑2019 change (e.g., 2020–2022 vs 2016–2018)"
371700,菏泽市,山东省,,,,,,"fill standardized post‑2019 change (e.g., 2020–2022 vs 2016–2018)"
410100,郑州市,河南省,,,,,,"fill standardized post‑2019 change (e.g., 2020–2022 vs 2016–2018)"
410200,开封市,河南省,,,,,,"fill standardized post‑2019 change (e.g., 2020–2022 vs 2016–2018)"
410300,洛阳市,河南省,,,,,,"fill standardized post‑2019 change (e.g., 2020–2022 vs 2016–2018)"
410400,平顶山市,河南省,,,,,,"fill standardized post‑2019 change (e.g., 2020–2022 vs 2016–2018)"
410500,安阳市,河南省,,,,,,"fill standardized post‑2019 change (e.g., 2020–2022 vs 2016–2018)"
410600,鹤壁市,河南省,,,,,,"fill standardized post‑2019 change (e.g., 2020–2022 vs 2016–2018)"
410700,新乡市,河南省,,,,,,"fill standardized post‑2019 change (e.g., 2020–2022 vs 2016–2018)"
410800,焦作市,河南省,,,,,,"fill standardized post‑2019 change (e.g., 2020–2022 vs 2016–2018)"
410900,濮阳市,河南省,,,,,,"fill standardized post‑2019 change (e.g., 2020–2022 vs 2016–2018)"
411000,许昌市,河南省,,,,,,"fill standardized post‑2019 change (e.g., 2020–2022 vs 2016–2018)"
411100,漯河市,河南省,,,,,,"fill standardized post‑2019 change (e.g., 2020–2022 vs 2016–2018)"
411200,三门峡市,河南省,,,,,,"fill standardized post‑2019 change (e.g., 2020–2022 vs 2016–2018)"
411300,南阳市,河南省,,,,,,"fill standardized post‑2019 change (e.g., 2020–2022 vs 2016–2018)"
411400,商丘市,河南省,,,,,,"fill standardized post‑2019 change (e.g., 2020–2022 vs 2016–2018)"
411500,信阳市,河南省,,,,,,"fill standardized post‑2019 change (e.g., 2020–2022 vs 2016–2018)"
411600,周口市,河南省,,,,,,"fill standardized post‑2019 change (e.g., 2020–2022 vs 2016–2018)"
411700,驻马店市,河南省,,,,,,"fill standardized post‑2019 change (e.g., 2020–2022 vs 2016–2018)"
420100,武汉市,湖北省,,,,,,"fill standardized post‑2019 change (e.g., 2020–2022 vs 2016–2018)"
420200,黄石市,湖北省,,,,,,"fill standardized post‑2019 change (e.g., 2020–2022 vs 2016–2018)"
420300,十堰市,湖北省,,,,,,"fill standardized post‑2019 change (e.g., 2020–2022 vs 2016–2018)"
420500,宜昌市,湖北省,,,,,,"fill standardized post‑2019 change (e.g., 2020–2022 vs 2016–2018)"
420600,襄阳市,湖北省,,,,,,"fill standardized post‑2019 change (e.g., 2020–2022 vs 2016–2018)"
420700,鄂州市,湖北省,,,,,,"fill standardized post‑2019 change (e.g., 2020–2022 vs 2016–2018)"
420800,荆门市,湖北省,,,,,,"fill standardized post‑2019 change (e.g., 2020–2022 vs 2016–2018)"
420900,孝感市,湖北省,,,,,,"fill standardized post‑2019 change (e.g., 2020–2022 vs 2016–2018)"
421000,荆州市,湖北省,,,,,,"fill standardized post‑2019 change (e.g., 2020–2022 vs 2016–2018)"
421100,黄冈市,湖北省,,,,,,"fill standardized post‑2019 change (e.g., 2020–2022 vs 2016–2018)"
421200,咸宁市,湖北省,,,,,,"fill standardized post‑2019 change (e.g., 2020–2022 vs 2016–2018)"
421300,随州市,湖北省,,,,,,"fill standardized post‑2019 change (e.g., 2020–2022 vs 2016–2018)"
430100,长沙市,湖南省,,,,,,"fill standardized post‑2019 change (e.g., 2020–2022 vs 2016–2018)"
430200,株洲市,湖南省,,,,,,"fill standardized post‑2019 change (e.g., 2020–2022 vs 2016–2018)"
430300,湘潭市,湖南省,,,,,,"fill standardized post‑2019 change (e.g., 2020–2022 vs 2016–2018)"
430400,衡阳市,湖南省,,,,,,"fill standardized post‑2019 change (e.g., 2020–2022 vs 2016–2018)"
430500,邵阳市,湖南省,,,,,,"fill standardized post‑2019 change (e.g., 2020–2022 vs 2016–2018)"
430600,岳阳市,湖南省,,,,,,"fill standardized post‑2019 change (e.g., 2020–2022 vs 2016–2018)"
430700,常德市,湖南省,,,,,,"fill standardized post‑2019 change (e.g., 2020–2022 vs 2016–2018)"
430800,张家界市,湖南省,,,,,,"fill standardized post‑2019 change (e.g., 2020–2022 vs 2016–2018)"
430900,益阳市,湖南省,,,,,,"fill standardized post‑2019 change (e.g., 2020–2022 vs 2016–2018)"
431000,郴州市,湖南省,,,,,,"fill standardized post‑2019 change (e.g., 2020–2022 vs 2016–2018)"
431100,永州市,湖南省,,,,,,"fill standardized post‑2019 change (e.g., 2020–2022 vs 2016–2018)"
431200,怀化市,湖南省,,,,,,"fill standardized post‑2019 change (e.g., 2020–2022 vs 2016–2018)"
431300,娄底市,湖南省,,,,,,"fill standardized post‑2019 change (e.g., 2020–2022 vs 2016–2018)"
440100,广州市,广东省,,,,,,"fill standardized post‑2019 change (e.g., 2020–2022 vs 2016–2018)"
440200,韶关市,广东省,,,,,,"fill standardized post‑2019 change (e.g., 2020–2022 vs 2016–2018)"
440300,深圳市,广东省,,,,,,"fill standardized post‑2019 change (e.g., 2020–2022 vs 2016–2018)"
440400,珠海市,广东省,,,,,,"fill standardized post‑2019 change (e.g., 2020–2022 vs 2016–2018)"
440500,汕头市,广东省,,,,,,"fill standardized post‑2019 change (e.g., 2020–2022 vs 2016–2018)"
440600,佛山市,广东省,,,,,,"fill standardized post‑2019 change (e.g., 2020–2022 vs 2016–2018)"
440700,江门市,广东省,,,,,,"fill standardized post‑2019 change (e.g., 2020–2022 vs 2016–2018)"
440800,湛江市,广东省,,,,,,"fill standardized post‑2019 change (e.g., 2020–2022 vs 2016–2018)"
440900,茂名市,广东省,,,,,,"fill standardized post‑2019 change (e.g., 2020–2022 vs 2016–2018)"
441200,肇庆市,广东省,,,,,,"fill standardized post‑2019 change (e.g., 2020–2022 vs 2016–2018)"
441300,惠州市,广东省,,,,,,"fill standardized post‑2019 change (e.g., 2020–2022 vs 2016–2018)"
441400,梅州市,广东省,,,,,,"fill standardized post‑2019 change (e.g., 2020–2022 vs 2016–2018)"
441500,汕尾市,广东省,,,,,,"fill standardized post‑2019 change (e.g., 2020–2022 vs 2016–2018)"
441600,河源市,广东省,,,,,,"fill standardized post‑2019 change (e.g., 2020–2022 vs 2016–2018)"
441700,阳江市,广东省,,,,,,"fill standardized post‑2019 change (e.g., 2020–2022 vs 2016–2018)"
441800,清远市,广东省,,,,,,"fill standardized post‑2019 change (e.g., 2020–2022 vs 2016–2018)"
441900,东莞市,广东省,,,,,,"fill standardized post‑2019 change (e.g., 2020–2022 vs 2016–2018)"
442000,中山市,广东省,,,,,,"fill standardized post‑2019 change (e.g., 2020–2022 vs 2016–2018)"
445100,潮州市,广东省,,,,,,"fill standardized post‑2019 change (e.g., 2020–2022 vs 2016–2018)"
445200,揭阳市,广东省,,,,,,"fill standardized post‑2019 change (e.g., 2020–2022 vs 2016–2018)"
445300,云浮市,广东省,,,,,,"fill standardized post‑2019 change (e.g., 2020–2022 vs 2016–2018)"
450100,南宁市,广西壮族自治区,,,,,,"fill standardized post‑2019 change (e.g., 2020–2022 vs 2016–2018)"
450200,柳州市,广西壮族自治区,,,,,,"fill standardized post‑2019 change (e.g., 2020–2022 vs 2016–2018)"
450300,桂林市,广西壮族自治区,,,,,,"fill standardized post‑2019 change (e.g., 2020–2022 vs 2016–2018)"
450400,梧州市,广西壮族自治区,,,,,,"fill standardized post‑2019 change (e.g., 2020–2022 vs 2016–2018)"
450500,北海市,广西壮族自治区,,,,,,"fill standardized post‑2019 change (e.g., 2020–2022 vs 2016–2018)"
450600,防城港市,广西壮族自治区,,,,,,"fill standardized post‑2019 change (e.g., 2020–2022 vs 2016–2018)"
450700,钦州市,广西壮族自治区,,,,,,"fill standardized post‑2019 change (e.g., 2020–2022 vs 2016–2018)"
450800,贵港市,广西壮族自治区,,,,,,"fill standardized post‑2019 change (e.g., 2020–2022 vs 2016–2018)"
450900,玉林市,广西壮族自治区,,,,,,"fill standardized post‑2019 change (e.g., 2020–2022 vs 2016–2018)"
451000,百色市,广西壮族自治区,,,,,,"fill standardized post‑2019 change (e.g., 2020–2022 vs 2016–2018)"
451100,贺州市,广西壮族自治区,,,,,,"fill standardized post‑2019 change (e.g., 2020–2022 vs 2016–2018)"
451200,河池市,广西壮族自治区,,,,,,"fill standardized post‑2019 change (e.g., 2020–2022 vs 2016–2018)"
451300,来宾市,广西壮族自治区,,,,,,"fill standardized post‑2019 change (e.g., 2020–2022 vs 2016–2018)"
451400,崇左市,广西壮族自治区,,,,,,"fill standardized post‑2019 change (e.g., 2020–2022 vs 2016–2018)"
460100,海口市,海南省,,,,,,"fill standardized post‑2019 change (e.g., 2020–2022 vs 2016–2018)"
460200,三亚市,海南省,,,,,,"fill standardized post‑2019 change (e.g., 2020–2022 vs 2016–2018)"
460400,儋州市,海南省,,,,,,"fill standardized post‑2019 change (e.g., 2020–2022 vs 2016–2018)"
500000,重庆市,重庆市,,,,,,"fill standardized post‑2019 change (e.g., 2020–2022 vs 2016–2018)"
510100,成都市,四川省,,,,,,"fill standardized post‑2019 change (e.g., 2020–2022 vs 2016–2018)"
510300,自贡市,四川省,,,,,,"fill standardized post‑2019 change (e.g., 2020–2022 vs 2016–2018)"
510400,攀枝花市,四川省,,,,,,"fill standardized post‑2019 change (e.g., 2020–2022 vs 2016–2018)"
510500,泸州市,四川省,,,,,,"fill standardized post‑2019 change (e.g., 2020–2022 vs 2016–2018)"
510600,德阳市,四川省,,,,,,"fill standardized post‑2019 change (e.g., 2020–2022 vs 2016–2018)"
510700,绵阳市,四川省,,,,,,"fill standardized post‑2019 change (e.g., 2020–2022 vs 2016–2018)"
510800,广元市,四川省,,,,,,"fill standardized post‑2019 change (e.g., 2020–2022 vs 2016–2018)"
510900,遂宁市,四川省,,,,,,"fill standardized post‑2019 change (e.g., 2020–2022 vs 2016–2018)"
511000,内江市,四川省,,,,,,"fill standardized post‑2019 change (e.g., 2020–2022 vs 2016–2018)"
511100,乐山市,四川省,,,,,,"fill standardized post‑2019 change (e.g., 2020–2022 vs 2016–2018)"
511300,南充市,四川省,,,,,,"fill standardized post‑2019 change (e.g., 2020–2022 vs 2016–2018)"
511400,眉山市,四川省,,,,,,"fill standardized post‑2019 change (e.g., 2020–2022 vs 2016–2018)"
511500,宜宾市,四川省,,,,,,"fill standardized post‑2019 change (e.g., 2020–2022 vs 2016–2018)"
511600,广安市,四川省,,,,,,"fill standardized post‑2019 change (e.g., 2020–2022 vs 2016–2018)"
511700,达州市,四川省,,,,,,"fill standardized post‑2019 change (e.g., 2020–2022 vs 2016–2018)"
511800,雅安市,四川省,,,,,,"fill standardized post‑2019 change (e.g., 2020–2022 vs 2016–2018)"
511900,巴中市,四川省,,,,,,"fill standardized post‑2019 change (e.g., 2020–2022 vs 2016–2018)"
512000,资阳市,四川省,,,,,,"fill standardized post‑2019 change (e.g., 2020–2022 vs 2016–2018)"
520100,贵阳市,贵州省,,,,,,"fill standardized post‑2019 change (e.g., 2020–2022 vs 2016–2018)"
520200,六盘水市,贵州省,,,,,,"fill standardized post‑2019 change (e.g., 2020–2022 vs 2016–2018)"
520300,遵义市,贵州省,,,,,,"fill standardized post‑2019 change (e.g., 2020–2022 vs 2016–2018)"
520400,安顺市,贵州省,,,,,,"fill standardized post‑2019 change (e.g., 2020–2022 vs 2016–2018)"
520500,毕节市,贵州省,,,,,,"fill standardized post‑2019 change (e.g., 2020–2022 vs 2016–2018)"
520600,铜仁市,贵州省,,,,,,"fill standardized post‑2019 change (e.g., 2020–2022 vs 2016–2018)"
530100,昆明市,云南省,,,,,,"fill standardized post‑2019 change (e.g., 2020–2022 vs 2016–2018)"
530300,曲靖市,云南省,,,,,,"fill standardized post‑2019 change (e.g., 2020–2022 vs 2016–2018)"
530400,玉溪市,云南省,,,,,,"fill standardized post‑2019 change (e.g., 2020–2022 vs 2016–2018)"
530500,保山市,云南省,,,,,,"fill standardized post‑2019 change (e.g., 2020–2022 vs 2016–2018)"
530600,昭通市,云南省,,,,,,"fill standardized post‑2019 change (e.g., 2020–2022 vs 2016–2018)"
530700,丽江市,云南省,,,,,,"fill standardized post‑2019 change (e.g., 2020–2022 vs 2016–2018)"
530800,普洱市,云南省,,,,,,"fill standardized post‑2019 change (e.g., 2020–2022 vs 2016–2018)"
530900,临沧市,云南省,,,,,,"fill standardized post‑2019 change (e.g., 2020–2022 vs 2016–2018)"
540100,拉萨市,西藏自治区,,,,,,"fill standardized post‑2019 change (e.g., 2020–2022 vs 2016–2018)"
540200,日喀则市,西藏自治区,,,,,,"fill standardized post‑2019 change (e.g., 2020–2022 vs 2016–2018)"
540300,昌都市,西藏自治区,,,,,,"fill standardized post‑2019 change (e.g., 2020–2022 vs 2016–2018)"
540400,林芝市,西藏自治区,,,,,,"fill standardized post‑2019 change (e.g., 2020–2022 vs 2016–2018)"
540500,山南市,西藏自治区,,,,,,"fill standardized post‑2019 change (e.g., 2020–2022 vs 2016–2018)"
540600,那曲市,西藏自治区,,,,,,"fill standardized post‑2019 change (e.g., 2020–2022 vs 2016–2018)"
610100,西安市,陕西省,,,,,,"fill standardized post‑2019 change (e.g., 2020–2022 vs 2016–2018)"
610200,铜川市,陕西省,,,,,,"fill standardized post‑2019 change (e.g., 2020–2022 vs 2016–2018)"
610300,宝鸡市,陕西省,,,,,,"fill standardized post‑2019 change (e.g., 2020–2022 vs 2016–2018)"
610400,咸阳市,陕西省,,,,,,"fill standardized post‑2019 change (e.g., 2020–2022 vs 2016–2018)"
610500,渭南市,陕西省,,,,,,"fill standardized post‑2019 change (e.g., 2020–2022 vs 2016–2018)"
610600,延安市,陕西省,,,,,,"fill standardized post‑2019 change (e.g., 2020–2022 vs 2016–2018)"
610700,汉中市,陕西省,,,,,,"fill standardized post‑2019 change (e.g., 2020–2022 vs 2016–2018)"
610800,榆林市,陕西省,,,,,,"fill standardized post‑2019 change (e.g., 2020–2022 vs 2016–2018)"
610900,安康市,陕西省,,,,,,"fill standardized post‑2019 change (e.g., 2020–2022 vs 2016–2018)"
611000,商洛市,陕西省,,,,,,"fill standardized post‑2019 change (e.g., 2020–2022 vs 2016–2018)"
620100,兰州市,甘肃省,,,,,,"fill standardized post‑2019 change (e.g., 2020–2022 vs 2016–2018)"
620200,嘉峪关市,甘肃省,,,,,,"fill standardized post‑2019 change (e.g., 2020–2022 vs 2016–2018)"
620300,金昌市,甘肃省,,,,,,"fill standardized post‑2019 change (e.g., 2020–2022 vs 2016–2018)"
620400,白银市,甘肃省,,,,,,"fill standardized post‑2019 change (e.g., 2020–2022 vs 2016–2018)"
620500,天水市,甘肃省,,,,,,"fill standardized post‑2019 change (e.g., 2020–2022 vs 2016–2018)"
620600,武威市,甘肃省,,,,,,"fill standardized post‑2019 change (e.g., 2020–2022 vs 2016–2018)"
620700,张掖市,甘肃省,,,,,,"fill standardized post‑2019 change (e.g., 2020–2022 vs 2016–2018)"
620800,平凉市,甘肃省,,,,,,"fill standardized post‑2019 change (e.g., 2020–2022 vs 2016–2018)"
620900,酒泉市,甘肃省,,,,,,"fill standardized post‑2019 change (e.g., 2020–2022 vs 2016–2018)"
621000,庆阳市,甘肃省,,,,,,"fill standardized post‑2019 change (e.g., 2020–2022 vs 2016–2018)"
621100,定西市,甘肃省,,,,,,"fill standardized post‑2019 change (e.g., 2020–2022 vs 2016–2018)"
621200,陇南市,甘肃省,,,,,,"fill standardized post‑2019 change (e.g., 2020–2022 vs 2016–2018)"
630100,西宁市,青海省,,,,,,"fill standardized post‑2019 change (e.g., 2020–2022 vs 2016–2018)"
630200,海东市,青海省,,,,,,"fill standardized post‑2019 change (e.g., 2020–2022 vs 2016–2018)"
632500,海南藏族自治州,青海省,,,,,,"fill standardized post‑2019 change (e.g., 2020–2022 vs 2016–2018)"
640100,银川市,宁夏回族自治区,,,,,,"fill standardized post‑2019 change (e.g., 2020–2022 vs 2016–2018)"
640200,石嘴山市,宁夏回族自治区,,,,,,"fill standardized post‑2019 change (e.g., 2020–2022 vs 2016–2018)"
640300,吴忠市,宁夏回族自治区,,,,,,"fill standardized post‑2019 change (e.g., 2020–2022 vs 2016–2018)"
640400,固原市,宁夏回族自治区,,,,,,"fill standardized post‑2019 change (e.g., 2020–2022 vs 2016–2018)"
640500,中卫市,宁夏回族自治区,,,,,,"fill standardized post‑2019 change (e.g., 2020–2022 vs 2016–2018)"
650100,乌鲁木齐市,新疆维吾尔自治区,,,,,,"fill standardized post‑2019 change (e.g., 2020–2022 vs 2016–2018)"
650200,克拉玛依市,新疆维吾尔自治区,,,,,,"fill standardized post‑2019 change (e.g., 2020–2022 vs 2016–2018)"
650400,吐鲁番市,新疆维吾尔自治区,,,,,,"fill standardized post‑2019 change (e.g., 2020–2022 vs 2016–2018)"
650500,哈密市,新疆维吾尔自治区,,,,,,"fill standardized post‑2019 change (e.g., 2020–2022 vs 2016–2018)"
